Experiment,spite_sigma,comp_sigma,diff_sigma,cost,kd,initial_spite_frequency,spite_expression_prob,average_mean_spite,average_mean_density,average_spite_freq,average_n_individuals
l_d16_c16_s16_cost0.1_kd0.001_init0.02_eprob0.001_resTrue_kc0.25,16.0,16.0,16.0,0.1,0.001,0.02,0.001,0.17496152,4.3036893e-05,0.34992304,64551.94
l_d16_c16_s16_cost0.1_kd0.001_init0.02_eprob0.01_resTrue_kc0.25,16.0,16.0,16.0,0.1,0.001,0.02,0.01,0.49548614,0.0012123472,0.9909723,64103.31
l_d16_c16_s16_cost0.1_kd0.001_init0.02_eprob0.05_resTrue_kc0.25,16.0,16.0,16.0,0.1,0.001,0.02,0.05,0.49887598,0.006000434,0.99775195,62937.41
l_d16_c16_s16_cost0.1_kd0.001_init0.02_eprob0.2_resTrue_kc0.25,16.0,16.0,16.0,0.1,0.001,0.02,0.2,0.0030925346,0.00015106297,0.006185069,64415.0
l_d16_c16_s32_cost0.1_kd0.001_init0.02_eprob0.001_resTrue_kc0.25,32.0,16.0,16.0,0.1,0.001,0.02,0.001,0.12847476,3.1807765e-05,0.2569495,64608.48
l_d16_c16_s32_cost0.1_kd0.001_init0.02_eprob0.01_resTrue_kc0.25,32.0,16.0,16.0,0.1,0.001,0.02,0.01,0.49535674,0.0012081447,0.9907135,64120.44
l_d16_c16_s32_cost0.1_kd0.001_init0.02_eprob0.05_resTrue_kc0.25,32.0,16.0,16.0,0.1,0.001,0.02,0.05,0.49888343,0.00599798,0.99776685,62911.77
l_d16_c16_s32_cost0.1_kd0.001_init0.02_eprob0.2_resTrue_kc0.25,32.0,16.0,16.0,0.1,0.001,0.02,0.2,0.0030116038,0.00014789282,0.0060232077,64444.8
l_d16_c16_s4_cost0.1_kd0.001_init0.02_eprob0.001_resTrue_kc0.25,4.0,16.0,16.0,0.1,0.001,0.02,0.001,0.42286465,0.00010962767,0.8457293,64342.46
l_d16_c16_s4_cost0.1_kd0.001_init0.02_eprob0.01_resTrue_kc0.25,4.0,16.0,16.0,0.1,0.001,0.02,0.01,0.49545777,0.0012620788,0.99091554,64098.59
l_d16_c16_s4_cost0.1_kd0.001_init0.02_eprob0.05_resTrue_kc0.25,4.0,16.0,16.0,0.1,0.001,0.02,0.05,0.4987274,0.0062392,0.9974548,62937.07
l_d16_c16_s4_cost0.1_kd0.001_init0.02_eprob0.2_resTrue_kc0.25,4.0,16.0,16.0,0.1,0.001,0.02,0.2,0.0029688207,0.000150864,0.0059376415,64451.02
l_d16_c16_s64_cost0.1_kd0.001_init0.02_eprob0.001_resTrue_kc0.25,64.0,16.0,16.0,0.1,0.001,0.02,0.001,0.13881184,3.3302207e-05,0.27762368,64602.65
l_d16_c16_s64_cost0.1_kd0.001_init0.02_eprob0.01_resTrue_kc0.25,64.0,16.0,16.0,0.1,0.001,0.02,0.01,0.4954845,0.0012017916,0.990969,64098.27
l_d16_c16_s64_cost0.1_kd0.001_init0.02_eprob0.05_resTrue_kc0.25,64.0,16.0,16.0,0.1,0.001,0.02,0.05,0.4988553,0.0059891604,0.9977106,62937.27
l_d16_c16_s64_cost0.1_kd0.001_init0.02_eprob0.2_resTrue_kc0.25,64.0,16.0,16.0,0.1,0.001,0.02,0.2,0.0030261844,0.00014900943,0.006052369,64443.11
l_d16_c16_s8_cost0.1_kd0.001_init0.02_eprob0.001_resTrue_kc0.25,8.0,16.0,16.0,0.1,0.001,0.02,0.001,0.1470874,3.5671077e-05,0.2941748,64580.41
l_d16_c16_s8_cost0.1_kd0.001_init0.02_eprob0.01_resTrue_kc0.25,8.0,16.0,16.0,0.1,0.001,0.02,0.01,0.49572927,0.0012218165,0.99145854,64091.63
l_d16_c16_s8_cost0.1_kd0.001_init0.02_eprob0.05_resTrue_kc0.25,8.0,16.0,16.0,0.1,0.001,0.02,0.05,0.49886078,0.006030891,0.99772155,62921.53
l_d16_c16_s8_cost0.1_kd0.001_init0.02_eprob0.2_resTrue_kc0.25,8.0,16.0,16.0,0.1,0.001,0.02,0.2,0.003108079,0.00015376444,0.006216158,64436.72
l_d16_c32_s16_cost0.1_kd0.001_init0.02_eprob0.001_resTrue_kc0.25,16.0,32.0,16.0,0.1,0.001,0.02,0.001,0.13371725,3.3516648e-05,0.2674345,64554.51
l_d16_c32_s16_cost0.1_kd0.001_init0.02_eprob0.01_resTrue_kc0.25,16.0,32.0,16.0,0.1,0.001,0.02,0.01,0.49542904,0.0012213978,0.9908581,64070.21
l_d16_c32_s16_cost0.1_kd0.001_init0.02_eprob0.05_resTrue_kc0.25,16.0,32.0,16.0,0.1,0.001,0.02,0.05,0.49884075,0.0060022837,0.9976815,62880.33
l_d16_c32_s16_cost0.1_kd0.001_init0.02_eprob0.2_resTrue_kc0.25,16.0,32.0,16.0,0.1,0.001,0.02,0.2,0.0030543867,0.00014828274,0.0061087734,64403.99
l_d16_c32_s32_cost0.1_kd0.001_init0.02_eprob0.001_resTrue_kc0.25,32.0,32.0,16.0,0.1,0.001,0.02,0.001,0.1309807,3.2383425e-05,0.2619614,64595.5
l_d16_c32_s32_cost0.1_kd0.001_init0.02_eprob0.01_resTrue_kc0.25,32.0,32.0,16.0,0.1,0.001,0.02,0.01,0.495513,0.0012114483,0.991026,64082.29
l_d16_c32_s32_cost0.1_kd0.001_init0.02_eprob0.05_resTrue_kc0.25,32.0,32.0,16.0,0.1,0.001,0.02,0.05,0.49884537,0.005962627,0.99769074,62898.26
l_d16_c32_s32_cost0.1_kd0.001_init0.02_eprob0.2_resTrue_kc0.25,32.0,32.0,16.0,0.1,0.001,0.02,0.2,0.0029790413,0.00014700537,0.0059580826,64421.52
l_d16_c32_s4_cost0.1_kd0.001_init0.02_eprob0.001_resTrue_kc0.25,4.0,32.0,16.0,0.1,0.001,0.02,0.001,0.17789572,4.30825e-05,0.35579145,64541.96
l_d16_c32_s4_cost0.1_kd0.001_init0.02_eprob0.01_resTrue_kc0.25,4.0,32.0,16.0,0.1,0.001,0.02,0.01,0.49541977,0.0012628356,0.99083954,64066.44
l_d16_c32_s4_cost0.1_kd0.001_init0.02_eprob0.05_resTrue_kc0.25,4.0,32.0,16.0,0.1,0.001,0.02,0.05,0.49872017,0.006239768,0.99744034,62919.17
l_d16_c32_s4_cost0.1_kd0.001_init0.02_eprob0.2_resTrue_kc0.25,4.0,32.0,16.0,0.1,0.001,0.02,0.2,0.0028871149,0.00014733808,0.0057742298,64416.14
l_d16_c32_s64_cost0.1_kd0.001_init0.02_eprob0.001_resTrue_kc0.25,64.0,32.0,16.0,0.1,0.001,0.02,0.001,0.13541602,3.4965105e-05,0.27083203,64578.47
l_d16_c32_s64_cost0.1_kd0.001_init0.02_eprob0.01_resTrue_kc0.25,64.0,32.0,16.0,0.1,0.001,0.02,0.01,0.49542323,0.00120353,0.99084646,64071.29
l_d16_c32_s64_cost0.1_kd0.001_init0.02_eprob0.05_resTrue_kc0.25,64.0,32.0,16.0,0.1,0.001,0.02,0.05,0.49886036,0.005982786,0.9977207,62893.62
l_d16_c32_s64_cost0.1_kd0.001_init0.02_eprob0.2_resTrue_kc0.25,64.0,32.0,16.0,0.1,0.001,0.02,0.2,0.002952858,0.00014441424,0.005905716,64441.31
l_d16_c32_s8_cost0.1_kd0.001_init0.02_eprob0.001_resTrue_kc0.25,8.0,32.0,16.0,0.1,0.001,0.02,0.001,0.14439267,3.7087175e-05,0.28878534,64574.22
l_d16_c32_s8_cost0.1_kd0.001_init0.02_eprob0.01_resTrue_kc0.25,8.0,32.0,16.0,0.1,0.001,0.02,0.01,0.49552977,0.0012300542,0.99105954,64061.5
l_d16_c32_s8_cost0.1_kd0.001_init0.02_eprob0.05_resTrue_kc0.25,8.0,32.0,16.0,0.1,0.001,0.02,0.05,0.49883828,0.0060386527,0.99767655,62898.47
l_d16_c32_s8_cost0.1_kd0.001_init0.02_eprob0.2_resTrue_kc0.25,8.0,32.0,16.0,0.1,0.001,0.02,0.2,0.0029976775,0.00014886679,0.005995355,64411.22
l_d16_c4_s16_cost0.1_kd0.001_init0.02_eprob0.001_resTrue_kc0.25,16.0,4.0,16.0,0.1,0.001,0.02,0.001,0.41629434,0.00010350743,0.8325887,65610.56
l_d16_c4_s16_cost0.1_kd0.001_init0.02_eprob0.01_resTrue_kc0.25,16.0,4.0,16.0,0.1,0.001,0.02,0.01,0.49586102,0.0012265295,0.99172205,65182.04
l_d16_c4_s16_cost0.1_kd0.001_init0.02_eprob0.05_resTrue_kc0.25,16.0,4.0,16.0,0.1,0.001,0.02,0.05,0.49889526,0.0060393685,0.9977905,63345.83
l_d16_c4_s16_cost0.1_kd0.001_init0.02_eprob0.2_resTrue_kc0.25,16.0,4.0,16.0,0.1,0.001,0.02,0.2,0.0029863385,0.00015032032,0.005972677,65486.79
l_d16_c4_s32_cost0.1_kd0.001_init0.02_eprob0.001_resTrue_kc0.25,32.0,4.0,16.0,0.1,0.001,0.02,0.001,0.14441377,3.6377387e-05,0.28882754,65944.67
l_d16_c4_s32_cost0.1_kd0.001_init0.02_eprob0.01_resTrue_kc0.25,32.0,4.0,16.0,0.1,0.001,0.02,0.01,0.49562526,0.0012319795,0.9912505,65177.75
l_d16_c4_s32_cost0.1_kd0.001_init0.02_eprob0.05_resTrue_kc0.25,32.0,4.0,16.0,0.1,0.001,0.02,0.05,0.49886093,0.006019207,0.99772185,63367.94
l_d16_c4_s32_cost0.1_kd0.001_init0.02_eprob0.2_resTrue_kc0.25,32.0,4.0,16.0,0.1,0.001,0.02,0.2,0.0030127703,0.0001512904,0.0060255406,65521.15
l_d16_c4_s4_cost0.1_kd0.001_init0.02_eprob0.001_resTrue_kc0.25,4.0,4.0,16.0,0.1,0.001,0.02,0.001,0.42326242,0.0001099562,0.84652483,65638.91
l_d16_c4_s4_cost0.1_kd0.001_init0.02_eprob0.01_resTrue_kc0.25,4.0,4.0,16.0,0.1,0.001,0.02,0.01,0.49557948,0.0012767545,0.99115896,65184.56
l_d16_c4_s4_cost0.1_kd0.001_init0.02_eprob0.05_resTrue_kc0.25,4.0,4.0,16.0,0.1,0.001,0.02,0.05,0.4987553,0.006279713,0.9975106,63346.08
l_d16_c4_s4_cost0.1_kd0.001_init0.02_eprob0.2_resTrue_kc0.25,4.0,4.0,16.0,0.1,0.001,0.02,0.2,0.0031278026,0.00016070771,0.0062556053,65472.53
l_d16_c4_s64_cost0.1_kd0.001_init0.02_eprob0.001_resTrue_kc0.25,64.0,4.0,16.0,0.1,0.001,0.02,0.001,0.42544165,0.00010551496,0.8508833,65638.61
l_d16_c4_s64_cost0.1_kd0.001_init0.02_eprob0.01_resTrue_kc0.25,64.0,4.0,16.0,0.1,0.001,0.02,0.01,0.4954211,0.001232715,0.9908422,65149.24
l_d16_c4_s64_cost0.1_kd0.001_init0.02_eprob0.05_resTrue_kc0.25,64.0,4.0,16.0,0.1,0.001,0.02,0.05,0.49886817,0.006017768,0.99773633,63364.19
l_d16_c4_s64_cost0.1_kd0.001_init0.02_eprob0.2_resTrue_kc0.25,64.0,4.0,16.0,0.1,0.001,0.02,0.2,0.0029978908,0.00015365501,0.0059957816,65473.71
l_d16_c4_s8_cost0.1_kd0.001_init0.02_eprob0.001_resTrue_kc0.25,8.0,4.0,16.0,0.1,0.001,0.02,0.001,0.4266276,0.00010508536,0.8532552,65651.46
l_d16_c4_s8_cost0.1_kd0.001_init0.02_eprob0.01_resTrue_kc0.25,8.0,4.0,16.0,0.1,0.001,0.02,0.01,0.49545115,0.0012476194,0.9909023,65141.69
l_d16_c4_s8_cost0.1_kd0.001_init0.02_eprob0.05_resTrue_kc0.25,8.0,4.0,16.0,0.1,0.001,0.02,0.05,0.49882072,0.006074727,0.99764144,63328.49
l_d16_c4_s8_cost0.1_kd0.001_init0.02_eprob0.2_resTrue_kc0.25,8.0,4.0,16.0,0.1,0.001,0.02,0.2,0.0029757554,0.00015152254,0.0059515107,65485.98
l_d16_c64_s16_cost0.1_kd0.001_init0.02_eprob0.001_resTrue_kc0.25,16.0,64.0,16.0,0.1,0.001,0.02,0.001,0.14334646,3.5287332e-05,0.28669292,64563.98
l_d16_c64_s16_cost0.1_kd0.001_init0.02_eprob0.01_resTrue_kc0.25,16.0,64.0,16.0,0.1,0.001,0.02,0.01,0.49557742,0.001216946,0.99115485,64031.13
l_d16_c64_s16_cost0.1_kd0.001_init0.02_eprob0.05_resTrue_kc0.25,16.0,64.0,16.0,0.1,0.001,0.02,0.05,0.49883825,0.006006924,0.9976765,62857.13
l_d16_c64_s16_cost0.1_kd0.001_init0.02_eprob0.2_resTrue_kc0.25,16.0,64.0,16.0,0.1,0.001,0.02,0.2,0.0029866523,0.0001460042,0.0059733046,64407.48
l_d16_c64_s32_cost0.1_kd0.001_init0.02_eprob0.001_resTrue_kc0.25,32.0,64.0,16.0,0.1,0.001,0.02,0.001,0.12813696,3.124521e-05,0.25627393,64588.53
l_d16_c64_s32_cost0.1_kd0.001_init0.02_eprob0.01_resTrue_kc0.25,32.0,64.0,16.0,0.1,0.001,0.02,0.01,0.49533775,0.0012096659,0.9906755,64076.24
l_d16_c64_s32_cost0.1_kd0.001_init0.02_eprob0.05_resTrue_kc0.25,32.0,64.0,16.0,0.1,0.001,0.02,0.05,0.49884415,0.005976073,0.9976883,62882.04
l_d16_c64_s32_cost0.1_kd0.001_init0.02_eprob0.2_resTrue_kc0.25,32.0,64.0,16.0,0.1,0.001,0.02,0.2,0.0029357558,0.00014655443,0.0058715115,64409.82
l_d16_c64_s4_cost0.1_kd0.001_init0.02_eprob0.001_resTrue_kc0.25,4.0,64.0,16.0,0.1,0.001,0.02,0.001,0.114349626,2.843352e-05,0.22869925,64604.23
l_d16_c64_s4_cost0.1_kd0.001_init0.02_eprob0.01_resTrue_kc0.25,4.0,64.0,16.0,0.1,0.001,0.02,0.01,0.49551448,0.0012573622,0.99102896,64068.0
l_d16_c64_s4_cost0.1_kd0.001_init0.02_eprob0.05_resTrue_kc0.25,4.0,64.0,16.0,0.1,0.001,0.02,0.05,0.4987067,0.0062511526,0.9974134,62881.72
l_d16_c64_s4_cost0.1_kd0.001_init0.02_eprob0.2_resTrue_kc0.25,4.0,64.0,16.0,0.1,0.001,0.02,0.2,0.0030579278,0.00015240668,0.0061158556,64398.0
l_d16_c64_s64_cost0.1_kd0.001_init0.02_eprob0.001_resTrue_kc0.25,64.0,64.0,16.0,0.1,0.001,0.02,0.001,0.12625498,3.2384778e-05,0.25250995,64573.19
l_d16_c64_s64_cost0.1_kd0.001_init0.02_eprob0.01_resTrue_kc0.25,64.0,64.0,16.0,0.1,0.001,0.02,0.01,0.4955774,0.0012068764,0.9911548,64070.54
l_d16_c64_s64_cost0.1_kd0.001_init0.02_eprob0.05_resTrue_kc0.25,64.0,64.0,16.0,0.1,0.001,0.02,0.05,0.49885058,0.0059850123,0.99770117,62873.79
l_d16_c64_s64_cost0.1_kd0.001_init0.02_eprob0.2_resTrue_kc0.25,64.0,64.0,16.0,0.1,0.001,0.02,0.2,0.002969113,0.00014539146,0.005938226,64411.66
l_d16_c64_s8_cost0.1_kd0.001_init0.02_eprob0.001_resTrue_kc0.25,8.0,64.0,16.0,0.1,0.001,0.02,0.001,0.14507456,3.7209527e-05,0.29014912,64560.93
l_d16_c64_s8_cost0.1_kd0.001_init0.02_eprob0.01_resTrue_kc0.25,8.0,64.0,16.0,0.1,0.001,0.02,0.01,0.49531457,0.0012255384,0.99062914,64036.55
l_d16_c64_s8_cost0.1_kd0.001_init0.02_eprob0.05_resTrue_kc0.25,8.0,64.0,16.0,0.1,0.001,0.02,0.05,0.4988245,0.0060531246,0.997649,62897.02
l_d16_c64_s8_cost0.1_kd0.001_init0.02_eprob0.2_resTrue_kc0.25,8.0,64.0,16.0,0.1,0.001,0.02,0.2,0.002997502,0.00014949954,0.005995004,64411.81
l_d16_c8_s16_cost0.1_kd0.001_init0.02_eprob0.001_resTrue_kc0.25,16.0,8.0,16.0,0.1,0.001,0.02,0.001,0.13694464,3.309578e-05,0.27388927,64672.81
l_d16_c8_s16_cost0.1_kd0.001_init0.02_eprob0.01_resTrue_kc0.25,16.0,8.0,16.0,0.1,0.001,0.02,0.01,0.49554032,0.0012111077,0.99108064,64146.7
l_d16_c8_s16_cost0.1_kd0.001_init0.02_eprob0.05_resTrue_kc0.25,16.0,8.0,16.0,0.1,0.001,0.02,0.05,0.49886703,0.00598467,0.99773407,62953.3
l_d16_c8_s16_cost0.1_kd0.001_init0.02_eprob0.2_resTrue_kc0.25,16.0,8.0,16.0,0.1,0.001,0.02,0.2,0.0030132078,0.00014812744,0.0060264156,64485.88
l_d16_c8_s32_cost0.1_kd0.001_init0.02_eprob0.001_resTrue_kc0.25,32.0,8.0,16.0,0.1,0.001,0.02,0.001,0.16724785,4.2194468e-05,0.3344957,64651.62
l_d16_c8_s32_cost0.1_kd0.001_init0.02_eprob0.01_resTrue_kc0.25,32.0,8.0,16.0,0.1,0.001,0.02,0.01,0.49554908,0.0012129878,0.99109817,64144.03
l_d16_c8_s32_cost0.1_kd0.001_init0.02_eprob0.05_resTrue_kc0.25,32.0,8.0,16.0,0.1,0.001,0.02,0.05,0.49881876,0.0059815766,0.9976375,62924.58
l_d16_c8_s32_cost0.1_kd0.001_init0.02_eprob0.2_resTrue_kc0.25,32.0,8.0,16.0,0.1,0.001,0.02,0.2,0.003032448,0.00014896733,0.006064896,64487.31
l_d16_c8_s4_cost0.1_kd0.001_init0.02_eprob0.001_resTrue_kc0.25,4.0,8.0,16.0,0.1,0.001,0.02,0.001,0.17789373,4.5759698e-05,0.35578746,64635.26
l_d16_c8_s4_cost0.1_kd0.001_init0.02_eprob0.01_resTrue_kc0.25,4.0,8.0,16.0,0.1,0.001,0.02,0.01,0.49538043,0.0012595488,0.99076086,64147.79
l_d16_c8_s4_cost0.1_kd0.001_init0.02_eprob0.05_resTrue_kc0.25,4.0,8.0,16.0,0.1,0.001,0.02,0.05,0.4986865,0.0062337127,0.997373,62936.4
l_d16_c8_s4_cost0.1_kd0.001_init0.02_eprob0.2_resTrue_kc0.25,4.0,8.0,16.0,0.1,0.001,0.02,0.2,0.003144497,0.00016078957,0.006288994,64462.06
l_d16_c8_s64_cost0.1_kd0.001_init0.02_eprob0.001_resTrue_kc0.25,64.0,8.0,16.0,0.1,0.001,0.02,0.001,0.12881687,3.1702504e-05,0.25763375,64703.67
l_d16_c8_s64_cost0.1_kd0.001_init0.02_eprob0.01_resTrue_kc0.25,64.0,8.0,16.0,0.1,0.001,0.02,0.01,0.49563,0.0012128318,0.99126,64176.76
l_d16_c8_s64_cost0.1_kd0.001_init0.02_eprob0.05_resTrue_kc0.25,64.0,8.0,16.0,0.1,0.001,0.02,0.05,0.49884406,0.0059900153,0.9976881,62932.32
l_d16_c8_s64_cost0.1_kd0.001_init0.02_eprob0.2_resTrue_kc0.25,64.0,8.0,16.0,0.1,0.001,0.02,0.2,0.003030595,0.00014992553,0.00606119,64501.4
l_d16_c8_s8_cost0.1_kd0.001_init0.02_eprob0.001_resTrue_kc0.25,8.0,8.0,16.0,0.1,0.001,0.02,0.001,0.14404614,3.5879857e-05,0.2880923,64666.28
l_d16_c8_s8_cost0.1_kd0.001_init0.02_eprob0.01_resTrue_kc0.25,8.0,8.0,16.0,0.1,0.001,0.02,0.01,0.49534118,0.0012168305,0.99068236,64143.34
l_d16_c8_s8_cost0.1_kd0.001_init0.02_eprob0.05_resTrue_kc0.25,8.0,8.0,16.0,0.1,0.001,0.02,0.05,0.4988748,0.0060410565,0.9977496,62939.23
l_d16_c8_s8_cost0.1_kd0.001_init0.02_eprob0.2_resTrue_kc0.25,8.0,8.0,16.0,0.1,0.001,0.02,0.2,0.0030403617,0.00014948784,0.0060807234,64479.27
l_d4_c16_s16_cost0.1_kd0.001_init0.02_eprob0.001_resTrue_kc0.25,16.0,16.0,4.0,0.1,0.001,0.02,0.001,0.41565213,0.000101139805,0.83130425,64412.73
l_d4_c16_s16_cost0.1_kd0.001_init0.02_eprob0.01_resTrue_kc0.25,16.0,16.0,4.0,0.1,0.001,0.02,0.01,0.4954063,0.0012113361,0.9908126,64127.91
l_d4_c16_s16_cost0.1_kd0.001_init0.02_eprob0.05_resTrue_kc0.25,16.0,16.0,4.0,0.1,0.001,0.02,0.05,0.49886903,0.0060036904,0.99773806,62955.88
l_d4_c16_s16_cost0.1_kd0.001_init0.02_eprob0.2_resTrue_kc0.25,16.0,16.0,4.0,0.1,0.001,0.02,0.2,0.0030318096,0.00015006695,0.006063619,64482.63
l_d4_c16_s1_cost0.1_kd0.001_init0.02_eprob0.001_resTrue_kc0.25,1.0,16.0,4.0,0.1,0.001,0.02,0.001,0.083617665,3.3301487e-05,0.16723533,64741.45
l_d4_c16_s1_cost0.1_kd0.001_init0.02_eprob0.01_resTrue_kc0.25,1.0,16.0,4.0,0.1,0.001,0.02,0.01,0.047588404,0.00019201302,0.09517681,64695.72
l_d4_c16_s1_cost0.1_kd0.001_init0.02_eprob0.05_resTrue_kc0.25,1.0,16.0,4.0,0.1,0.001,0.02,0.05,0.0107660815,0.00021955077,0.021532163,64699.88
l_d4_c16_s1_cost0.1_kd0.001_init0.02_eprob0.2_resTrue_kc0.25,1.0,16.0,4.0,0.1,0.001,0.02,0.2,0.002637913,0.00021883711,0.005275826,64694.89
l_d4_c16_s2_cost0.1_kd0.001_init0.02_eprob0.001_resTrue_kc0.25,2.0,16.0,4.0,0.1,0.001,0.02,0.001,0.104465745,2.9070578e-05,0.20893149,64683.55
l_d4_c16_s2_cost0.1_kd0.001_init0.02_eprob0.01_resTrue_kc0.25,2.0,16.0,4.0,0.1,0.001,0.02,0.01,0.49390727,0.0013979578,0.98781455,64140.6
l_d4_c16_s2_cost0.1_kd0.001_init0.02_eprob0.05_resTrue_kc0.25,2.0,16.0,4.0,0.1,0.001,0.02,0.05,0.4981756,0.0070105093,0.9963512,62961.28
l_d4_c16_s2_cost0.1_kd0.001_init0.02_eprob0.2_resTrue_kc0.25,2.0,16.0,4.0,0.1,0.001,0.02,0.2,0.0030040867,0.0001691245,0.0060081733,64515.9
l_d4_c16_s4_cost0.1_kd0.001_init0.02_eprob0.001_resTrue_kc0.25,4.0,16.0,4.0,0.1,0.001,0.02,0.001,0.413831,0.0001053438,0.827662,64413.0
l_d4_c16_s4_cost0.1_kd0.001_init0.02_eprob0.01_resTrue_kc0.25,4.0,16.0,4.0,0.1,0.001,0.02,0.01,0.4953379,0.0012579465,0.9906758,64138.2
l_d4_c16_s4_cost0.1_kd0.001_init0.02_eprob0.05_resTrue_kc0.25,4.0,16.0,4.0,0.1,0.001,0.02,0.05,0.49873057,0.0062811114,0.99746114,62937.26
l_d4_c16_s4_cost0.1_kd0.001_init0.02_eprob0.2_resTrue_kc0.25,4.0,16.0,4.0,0.1,0.001,0.02,0.2,0.0031201474,0.00015841755,0.006240295,64413.4
l_d4_c16_s8_cost0.1_kd0.001_init0.02_eprob0.001_resTrue_kc0.25,8.0,16.0,4.0,0.1,0.001,0.02,0.001,0.4164277,0.000101978134,0.8328554,64398.65
l_d4_c16_s8_cost0.1_kd0.001_init0.02_eprob0.01_resTrue_kc0.25,8.0,16.0,4.0,0.1,0.001,0.02,0.01,0.49530748,0.0012248532,0.99061495,64153.61
l_d4_c16_s8_cost0.1_kd0.001_init0.02_eprob0.05_resTrue_kc0.25,8.0,16.0,4.0,0.1,0.001,0.02,0.05,0.49885952,0.006039317,0.99771905,62929.26
l_d4_c16_s8_cost0.1_kd0.001_init0.02_eprob0.2_resTrue_kc0.25,8.0,16.0,4.0,0.1,0.001,0.02,0.2,0.0031066993,0.00015395702,0.0062133987,64436.49
l_d4_c1_s16_cost0.1_kd0.001_init0.02_eprob0.001_resTrue_kc0.25,16.0,1.0,4.0,0.1,0.001,0.02,0.001,0.46017563,0.00016551411,0.92035127,95146.09
l_d4_c1_s16_cost0.1_kd0.001_init0.02_eprob0.01_resTrue_kc0.25,16.0,1.0,4.0,0.1,0.001,0.02,0.01,0.49701145,0.0017665398,0.9940229,93075.67
l_d4_c1_s16_cost0.1_kd0.001_init0.02_eprob0.05_resTrue_kc0.25,16.0,1.0,4.0,0.1,0.001,0.02,0.05,0.499153,0.0080822185,0.998306,84897.04
l_d4_c1_s16_cost0.1_kd0.001_init0.02_eprob0.2_resTrue_kc0.25,16.0,1.0,4.0,0.1,0.001,0.02,0.2,0.0034371458,0.0002393813,0.0068742917,91503.38
l_d4_c1_s1_cost0.1_kd0.001_init0.02_eprob0.001_resTrue_kc0.25,1.0,1.0,4.0,0.1,0.001,0.02,0.001,0.08248714,4.2766795e-05,0.16497429,96707.07
l_d4_c1_s1_cost0.1_kd0.001_init0.02_eprob0.01_resTrue_kc0.25,1.0,1.0,4.0,0.1,0.001,0.02,0.01,0.48983312,0.0025021075,0.97966623,93034.66
l_d4_c1_s1_cost0.1_kd0.001_init0.02_eprob0.05_resTrue_kc0.25,1.0,1.0,4.0,0.1,0.001,0.02,0.05,0.012240256,0.00031310506,0.024480512,95060.54
l_d4_c1_s1_cost0.1_kd0.001_init0.02_eprob0.2_resTrue_kc0.25,1.0,1.0,4.0,0.1,0.001,0.02,0.2,0.0027857285,0.0002913214,0.005571457,95232.47
l_d4_c1_s2_cost0.1_kd0.001_init0.02_eprob0.001_resTrue_kc0.25,2.0,1.0,4.0,0.1,0.001,0.02,0.001,0.44300148,0.00017820983,0.88600296,95194.7
l_d4_c1_s2_cost0.1_kd0.001_init0.02_eprob0.01_resTrue_kc0.25,2.0,1.0,4.0,0.1,0.001,0.02,0.01,0.49585482,0.0019475668,0.99170965,93033.8
l_d4_c1_s2_cost0.1_kd0.001_init0.02_eprob0.05_resTrue_kc0.25,2.0,1.0,4.0,0.1,0.001,0.02,0.05,0.49853584,0.008989635,0.9970717,84937.61
l_d4_c1_s2_cost0.1_kd0.001_init0.02_eprob0.2_resTrue_kc0.25,2.0,1.0,4.0,0.1,0.001,0.02,0.2,0.003372513,0.00025604002,0.006745026,92655.0
l_d4_c1_s4_cost0.1_kd0.001_init0.02_eprob0.001_resTrue_kc0.25,4.0,1.0,4.0,0.1,0.001,0.02,0.001,0.46354753,0.00017151843,0.92709506,95229.95
l_d4_c1_s4_cost0.1_kd0.001_init0.02_eprob0.01_resTrue_kc0.25,4.0,1.0,4.0,0.1,0.001,0.02,0.01,0.49690896,0.0017952916,0.9938179,93023.41
l_d4_c1_s4_cost0.1_kd0.001_init0.02_eprob0.05_resTrue_kc0.25,4.0,1.0,4.0,0.1,0.001,0.02,0.05,0.4989752,0.008283215,0.9979504,84925.31
l_d4_c1_s4_cost0.1_kd0.001_init0.02_eprob0.2_resTrue_kc0.25,4.0,1.0,4.0,0.1,0.001,0.02,0.2,0.498572,0.023699202,0.997144,59898.63
l_d4_c1_s8_cost0.1_kd0.001_init0.02_eprob0.001_resTrue_kc0.25,8.0,1.0,4.0,0.1,0.001,0.02,0.001,0.46195722,0.00016902015,0.92391443,95122.04
l_d4_c1_s8_cost0.1_kd0.001_init0.02_eprob0.01_resTrue_kc0.25,8.0,1.0,4.0,0.1,0.001,0.02,0.01,0.49689597,0.0017779208,0.99379194,92948.78
l_d4_c1_s8_cost0.1_kd0.001_init0.02_eprob0.05_resTrue_kc0.25,8.0,1.0,4.0,0.1,0.001,0.02,0.05,0.49909672,0.0081373295,0.99819344,84975.34
l_d4_c1_s8_cost0.1_kd0.001_init0.02_eprob0.2_resTrue_kc0.25,8.0,1.0,4.0,0.1,0.001,0.02,0.2,0.003608244,0.00024936805,0.007216488,91283.63
l_d4_c2_s16_cost0.1_kd0.001_init0.02_eprob0.001_resTrue_kc0.25,16.0,2.0,4.0,0.1,0.001,0.02,0.001,0.43298298,0.00012014949,0.86596596,71718.35
l_d4_c2_s16_cost0.1_kd0.001_init0.02_eprob0.01_resTrue_kc0.25,16.0,2.0,4.0,0.1,0.001,0.02,0.01,0.49593303,0.0013460454,0.99186605,70831.45
l_d4_c2_s16_cost0.1_kd0.001_init0.02_eprob0.05_resTrue_kc0.25,16.0,2.0,4.0,0.1,0.001,0.02,0.05,0.49893677,0.006410473,0.99787354,67338.83
l_d4_c2_s16_cost0.1_kd0.001_init0.02_eprob0.2_resTrue_kc0.25,16.0,2.0,4.0,0.1,0.001,0.02,0.2,0.003222849,0.00017363786,0.006445698,70955.9
l_d4_c2_s1_cost0.1_kd0.001_init0.02_eprob0.001_resTrue_kc0.25,1.0,2.0,4.0,0.1,0.001,0.02,0.001,0.085529715,3.7107315e-05,0.17105943,72481.86
l_d4_c2_s1_cost0.1_kd0.001_init0.02_eprob0.01_resTrue_kc0.25,1.0,2.0,4.0,0.1,0.001,0.02,0.01,0.4852114,0.0020556606,0.9704228,70811.34
l_d4_c2_s1_cost0.1_kd0.001_init0.02_eprob0.05_resTrue_kc0.25,1.0,2.0,4.0,0.1,0.001,0.02,0.05,0.010926901,0.00023828055,0.021853803,72084.49
l_d4_c2_s1_cost0.1_kd0.001_init0.02_eprob0.2_resTrue_kc0.25,1.0,2.0,4.0,0.1,0.001,0.02,0.2,0.0027095503,0.0002355167,0.0054191006,72146.0
l_d4_c2_s2_cost0.1_kd0.001_init0.02_eprob0.001_resTrue_kc0.25,2.0,2.0,4.0,0.1,0.001,0.02,0.001,0.34457707,0.00010627275,0.68915415,71869.06
l_d4_c2_s2_cost0.1_kd0.001_init0.02_eprob0.01_resTrue_kc0.25,2.0,2.0,4.0,0.1,0.001,0.02,0.01,0.4944064,0.0015098933,0.9888128,70806.62
l_d4_c2_s2_cost0.1_kd0.001_init0.02_eprob0.05_resTrue_kc0.25,2.0,2.0,4.0,0.1,0.001,0.02,0.05,0.4982823,0.007305841,0.9965646,67356.2
l_d4_c2_s2_cost0.1_kd0.001_init0.02_eprob0.2_resTrue_kc0.25,2.0,2.0,4.0,0.1,0.001,0.02,0.2,0.0031887442,0.00019516263,0.0063774884,71245.83
l_d4_c2_s4_cost0.1_kd0.001_init0.02_eprob0.001_resTrue_kc0.25,4.0,2.0,4.0,0.1,0.001,0.02,0.001,0.43873307,0.00012494973,0.87746614,71760.15
l_d4_c2_s4_cost0.1_kd0.001_init0.02_eprob0.01_resTrue_kc0.25,4.0,2.0,4.0,0.1,0.001,0.02,0.01,0.49581423,0.0013707601,0.99162847,70848.62
l_d4_c2_s4_cost0.1_kd0.001_init0.02_eprob0.05_resTrue_kc0.25,4.0,2.0,4.0,0.1,0.001,0.02,0.05,0.49879432,0.0065979566,0.99758863,67331.51
l_d4_c2_s4_cost0.1_kd0.001_init0.02_eprob0.2_resTrue_kc0.25,4.0,2.0,4.0,0.1,0.001,0.02,0.2,0.49854434,0.02133177,0.9970887,53815.9
l_d4_c2_s8_cost0.1_kd0.001_init0.02_eprob0.001_resTrue_kc0.25,8.0,2.0,4.0,0.1,0.001,0.02,0.001,0.43795547,0.00012068496,0.87591094,71798.29
l_d4_c2_s8_cost0.1_kd0.001_init0.02_eprob0.01_resTrue_kc0.25,8.0,2.0,4.0,0.1,0.001,0.02,0.01,0.49582282,0.0013463033,0.99164563,70833.39
l_d4_c2_s8_cost0.1_kd0.001_init0.02_eprob0.05_resTrue_kc0.25,8.0,2.0,4.0,0.1,0.001,0.02,0.05,0.49891844,0.0064289416,0.9978369,67380.22
l_d4_c2_s8_cost0.1_kd0.001_init0.02_eprob0.2_resTrue_kc0.25,8.0,2.0,4.0,0.1,0.001,0.02,0.2,0.0032544658,0.00017506003,0.0065089315,70993.25
l_d4_c4_s16_cost0.1_kd0.001_init0.02_eprob0.001_resTrue_kc0.25,16.0,4.0,4.0,0.1,0.001,0.02,0.001,0.4229459,0.000104522,0.8458918,65608.62
l_d4_c4_s16_cost0.1_kd0.001_init0.02_eprob0.01_resTrue_kc0.25,16.0,4.0,4.0,0.1,0.001,0.02,0.01,0.49549648,0.0012306873,0.99099296,65174.85
l_d4_c4_s16_cost0.1_kd0.001_init0.02_eprob0.05_resTrue_kc0.25,16.0,4.0,4.0,0.1,0.001,0.02,0.05,0.49887455,0.006063847,0.9977491,63581.87
l_d4_c4_s16_cost0.1_kd0.001_init0.02_eprob0.2_resTrue_kc0.25,16.0,4.0,4.0,0.1,0.001,0.02,0.2,0.0030448542,0.0001558629,0.0060897083,65507.82
l_d4_c4_s1_cost0.1_kd0.001_init0.02_eprob0.001_resTrue_kc0.25,1.0,4.0,4.0,0.1,0.001,0.02,0.001,0.082587786,3.2418073e-05,0.16517557,65993.28
l_d4_c4_s1_cost0.1_kd0.001_init0.02_eprob0.01_resTrue_kc0.25,1.0,4.0,4.0,0.1,0.001,0.02,0.01,0.055945072,0.0002245215,0.111890145,65880.12
l_d4_c4_s1_cost0.1_kd0.001_init0.02_eprob0.05_resTrue_kc0.25,1.0,4.0,4.0,0.1,0.001,0.02,0.05,0.011358043,0.00023140557,0.022716086,65895.37
l_d4_c4_s1_cost0.1_kd0.001_init0.02_eprob0.2_resTrue_kc0.25,1.0,4.0,4.0,0.1,0.001,0.02,0.2,0.0026618985,0.00022130554,0.005323797,65908.95
l_d4_c4_s2_cost0.1_kd0.001_init0.02_eprob0.001_resTrue_kc0.25,2.0,4.0,4.0,0.1,0.001,0.02,0.001,0.11160506,3.2683514e-05,0.22321013,65950.32
l_d4_c4_s2_cost0.1_kd0.001_init0.02_eprob0.01_resTrue_kc0.25,2.0,4.0,4.0,0.1,0.001,0.02,0.01,0.49378964,0.0014015466,0.9875793,65197.08
l_d4_c4_s2_cost0.1_kd0.001_init0.02_eprob0.05_resTrue_kc0.25,2.0,4.0,4.0,0.1,0.001,0.02,0.05,0.4981527,0.006934307,0.9963054,63627.09
l_d4_c4_s2_cost0.1_kd0.001_init0.02_eprob0.2_resTrue_kc0.25,2.0,4.0,4.0,0.1,0.001,0.02,0.2,0.0030274398,0.0001730315,0.0060548796,65527.21
l_d4_c4_s4_cost0.1_kd0.001_init0.02_eprob0.001_resTrue_kc0.25,4.0,4.0,4.0,0.1,0.001,0.02,0.001,0.42618236,0.00011301083,0.8523647,65609.89
l_d4_c4_s4_cost0.1_kd0.001_init0.02_eprob0.01_resTrue_kc0.25,4.0,4.0,4.0,0.1,0.001,0.02,0.01,0.4955365,0.0012650245,0.991073,65189.43
l_d4_c4_s4_cost0.1_kd0.001_init0.02_eprob0.05_resTrue_kc0.25,4.0,4.0,4.0,0.1,0.001,0.02,0.05,0.49873954,0.00622866,0.9974791,63598.35
l_d4_c4_s4_cost0.1_kd0.001_init0.02_eprob0.2_resTrue_kc0.25,4.0,4.0,4.0,0.1,0.001,0.02,0.2,0.4985478,0.02124127,0.9970956,53322.99
l_d4_c4_s8_cost0.1_kd0.001_init0.02_eprob0.001_resTrue_kc0.25,8.0,4.0,4.0,0.1,0.001,0.02,0.001,0.42137387,0.00010565352,0.84274775,65598.0
l_d4_c4_s8_cost0.1_kd0.001_init0.02_eprob0.01_resTrue_kc0.25,8.0,4.0,4.0,0.1,0.001,0.02,0.01,0.49536717,0.0012320564,0.99073434,65202.99
l_d4_c4_s8_cost0.1_kd0.001_init0.02_eprob0.05_resTrue_kc0.25,8.0,4.0,4.0,0.1,0.001,0.02,0.05,0.49882355,0.0060748863,0.9976471,63607.61
l_d4_c4_s8_cost0.1_kd0.001_init0.02_eprob0.2_resTrue_kc0.25,8.0,4.0,4.0,0.1,0.001,0.02,0.2,0.0031383333,0.00015635244,0.0062766667,65479.91
l_d4_c8_s16_cost0.1_kd0.001_init0.02_eprob0.001_resTrue_kc0.25,16.0,8.0,4.0,0.1,0.001,0.02,0.001,0.4178387,0.00010089983,0.8356774,64617.87
l_d4_c8_s16_cost0.1_kd0.001_init0.02_eprob0.01_resTrue_kc0.25,16.0,8.0,4.0,0.1,0.001,0.02,0.01,0.49537486,0.0012197226,0.9907497,64323.7
l_d4_c8_s16_cost0.1_kd0.001_init0.02_eprob0.05_resTrue_kc0.25,16.0,8.0,4.0,0.1,0.001,0.02,0.05,0.49886525,0.005997326,0.9977305,63118.61
l_d4_c8_s16_cost0.1_kd0.001_init0.02_eprob0.2_resTrue_kc0.25,16.0,8.0,4.0,0.1,0.001,0.02,0.2,0.003187753,0.00015648332,0.006375506,64649.28
l_d4_c8_s1_cost0.1_kd0.001_init0.02_eprob0.001_resTrue_kc0.25,1.0,8.0,4.0,0.1,0.001,0.02,0.001,0.08179453,3.3373806e-05,0.16358906,64930.75
l_d4_c8_s1_cost0.1_kd0.001_init0.02_eprob0.01_resTrue_kc0.25,1.0,8.0,4.0,0.1,0.001,0.02,0.01,0.05473518,0.00022451172,0.10947036,64830.82
l_d4_c8_s1_cost0.1_kd0.001_init0.02_eprob0.05_resTrue_kc0.25,1.0,8.0,4.0,0.1,0.001,0.02,0.05,0.011232473,0.00023009087,0.022464946,64872.92
l_d4_c8_s1_cost0.1_kd0.001_init0.02_eprob0.2_resTrue_kc0.25,1.0,8.0,4.0,0.1,0.001,0.02,0.2,0.0026262626,0.00021228919,0.005252525,64900.7
l_d4_c8_s2_cost0.1_kd0.001_init0.02_eprob0.001_resTrue_kc0.25,2.0,8.0,4.0,0.1,0.001,0.02,0.001,0.11205163,3.0398312e-05,0.22410326,64865.83
l_d4_c8_s2_cost0.1_kd0.001_init0.02_eprob0.01_resTrue_kc0.25,2.0,8.0,4.0,0.1,0.001,0.02,0.01,0.49357656,0.0013992658,0.9871531,64325.51
l_d4_c8_s2_cost0.1_kd0.001_init0.02_eprob0.05_resTrue_kc0.25,2.0,8.0,4.0,0.1,0.001,0.02,0.05,0.49813515,0.006978309,0.9962703,63092.07
l_d4_c8_s2_cost0.1_kd0.001_init0.02_eprob0.2_resTrue_kc0.25,2.0,8.0,4.0,0.1,0.001,0.02,0.2,0.0030494279,0.00017385732,0.0060988558,64637.73
l_d4_c8_s4_cost0.1_kd0.001_init0.02_eprob0.001_resTrue_kc0.25,4.0,8.0,4.0,0.1,0.001,0.02,0.001,0.41502532,0.000105406514,0.83005065,64621.26
l_d4_c8_s4_cost0.1_kd0.001_init0.02_eprob0.01_resTrue_kc0.25,4.0,8.0,4.0,0.1,0.001,0.02,0.01,0.49522036,0.0012594706,0.9904407,64316.87
l_d4_c8_s4_cost0.1_kd0.001_init0.02_eprob0.05_resTrue_kc0.25,4.0,8.0,4.0,0.1,0.001,0.02,0.05,0.49872681,0.006218646,0.99745363,63103.74
l_d4_c8_s4_cost0.1_kd0.001_init0.02_eprob0.2_resTrue_kc0.25,4.0,8.0,4.0,0.1,0.001,0.02,0.2,0.49855515,0.021366287,0.9971103,53150.55
l_d4_c8_s8_cost0.1_kd0.001_init0.02_eprob0.001_resTrue_kc0.25,8.0,8.0,4.0,0.1,0.001,0.02,0.001,0.42052594,0.000103551094,0.8410519,64598.75
l_d4_c8_s8_cost0.1_kd0.001_init0.02_eprob0.01_resTrue_kc0.25,8.0,8.0,4.0,0.1,0.001,0.02,0.01,0.49552184,0.0012184632,0.9910437,64338.56
l_d4_c8_s8_cost0.1_kd0.001_init0.02_eprob0.05_resTrue_kc0.25,8.0,8.0,4.0,0.1,0.001,0.02,0.05,0.498844,0.006044646,0.997688,63095.07
l_d4_c8_s8_cost0.1_kd0.001_init0.02_eprob0.2_resTrue_kc0.25,8.0,8.0,4.0,0.1,0.001,0.02,0.2,0.49856168,0.020479746,0.99712336,53149.56
l_d8_c16_s16_cost0.1_kd0.001_init0.02_eprob0.001_resTrue_kc0.25,16.0,16.0,8.0,0.1,0.001,0.02,0.001,0.1457992,3.5962476e-05,0.2915984,64608.26
l_d8_c16_s16_cost0.1_kd0.001_init0.02_eprob0.01_resTrue_kc0.25,16.0,16.0,8.0,0.1,0.001,0.02,0.01,0.49535286,0.0012114611,0.9907057,64135.42
l_d8_c16_s16_cost0.1_kd0.001_init0.02_eprob0.05_resTrue_kc0.25,16.0,16.0,8.0,0.1,0.001,0.02,0.05,0.49885568,0.005997395,0.99771136,62930.16
l_d8_c16_s16_cost0.1_kd0.001_init0.02_eprob0.2_resTrue_kc0.25,16.0,16.0,8.0,0.1,0.001,0.02,0.2,0.0030983952,0.00015409227,0.0061967904,64456.87
l_d8_c16_s2_cost0.1_kd0.001_init0.02_eprob0.001_resTrue_kc0.25,2.0,16.0,8.0,0.1,0.001,0.02,0.001,0.10312731,2.9971307e-05,0.20625462,64659.22
l_d8_c16_s2_cost0.1_kd0.001_init0.02_eprob0.01_resTrue_kc0.25,2.0,16.0,8.0,0.1,0.001,0.02,0.01,0.49375525,0.0014023585,0.9875105,64121.76
l_d8_c16_s2_cost0.1_kd0.001_init0.02_eprob0.05_resTrue_kc0.25,2.0,16.0,8.0,0.1,0.001,0.02,0.05,0.013644354,0.00019670922,0.027288709,64452.65
l_d8_c16_s2_cost0.1_kd0.001_init0.02_eprob0.2_resTrue_kc0.25,2.0,16.0,8.0,0.1,0.001,0.02,0.2,0.0029547783,0.00016626142,0.0059095565,64520.14
l_d8_c16_s32_cost0.1_kd0.001_init0.02_eprob0.001_resTrue_kc0.25,32.0,16.0,8.0,0.1,0.001,0.02,0.001,0.139863,3.263092e-05,0.279726,64632.92
l_d8_c16_s32_cost0.1_kd0.001_init0.02_eprob0.01_resTrue_kc0.25,32.0,16.0,8.0,0.1,0.001,0.02,0.01,0.49525434,0.0012086697,0.9905087,64134.63
l_d8_c16_s32_cost0.1_kd0.001_init0.02_eprob0.05_resTrue_kc0.25,32.0,16.0,8.0,0.1,0.001,0.02,0.05,0.4988411,0.005988281,0.9976822,62984.32
l_d8_c16_s32_cost0.1_kd0.001_init0.02_eprob0.2_resTrue_kc0.25,32.0,16.0,8.0,0.1,0.001,0.02,0.2,0.0029771798,0.00014683761,0.0059543597,64471.18
l_d8_c16_s4_cost0.1_kd0.001_init0.02_eprob0.001_resTrue_kc0.25,4.0,16.0,8.0,0.1,0.001,0.02,0.001,0.4042542,0.000101353464,0.8085084,64410.02
l_d8_c16_s4_cost0.1_kd0.001_init0.02_eprob0.01_resTrue_kc0.25,4.0,16.0,8.0,0.1,0.001,0.02,0.01,0.49546477,0.0012599874,0.99092954,64126.21
l_d8_c16_s4_cost0.1_kd0.001_init0.02_eprob0.05_resTrue_kc0.25,4.0,16.0,8.0,0.1,0.001,0.02,0.05,0.49871966,0.006246303,0.9974393,62937.68
l_d8_c16_s4_cost0.1_kd0.001_init0.02_eprob0.2_resTrue_kc0.25,4.0,16.0,8.0,0.1,0.001,0.02,0.2,0.002972502,0.00015229541,0.005945004,64428.83
l_d8_c16_s8_cost0.1_kd0.001_init0.02_eprob0.001_resTrue_kc0.25,8.0,16.0,8.0,0.1,0.001,0.02,0.001,0.16267765,3.9410108e-05,0.3253553,64601.1
l_d8_c16_s8_cost0.1_kd0.001_init0.02_eprob0.01_resTrue_kc0.25,8.0,16.0,8.0,0.1,0.001,0.02,0.01,0.49535176,0.001216784,0.9907035,64114.21
l_d8_c16_s8_cost0.1_kd0.001_init0.02_eprob0.05_resTrue_kc0.25,8.0,16.0,8.0,0.1,0.001,0.02,0.05,0.49880943,0.0060544424,0.99761885,62928.76
l_d8_c16_s8_cost0.1_kd0.001_init0.02_eprob0.2_resTrue_kc0.25,8.0,16.0,8.0,0.1,0.001,0.02,0.2,0.0030731526,0.00014965773,0.0061463052,64446.77
l_d8_c2_s16_cost0.1_kd0.001_init0.02_eprob0.001_resTrue_kc0.25,16.0,2.0,8.0,0.1,0.001,0.02,0.001,0.43963772,0.0001244801,0.87927544,71853.22
l_d8_c2_s16_cost0.1_kd0.001_init0.02_eprob0.01_resTrue_kc0.25,16.0,2.0,8.0,0.1,0.001,0.02,0.01,0.49585143,0.0013308708,0.99170285,70957.21
l_d8_c2_s16_cost0.1_kd0.001_init0.02_eprob0.05_resTrue_kc0.25,16.0,2.0,8.0,0.1,0.001,0.02,0.05,0.49893436,0.0064091496,0.9978687,67290.24
l_d8_c2_s16_cost0.1_kd0.001_init0.02_eprob0.2_resTrue_kc0.25,16.0,2.0,8.0,0.1,0.001,0.02,0.2,0.002981605,0.00016294327,0.00596321,71160.61
l_d8_c2_s2_cost0.1_kd0.001_init0.02_eprob0.001_resTrue_kc0.25,2.0,2.0,8.0,0.1,0.001,0.02,0.001,0.12004,3.6846028e-05,0.24008,72538.92
l_d8_c2_s2_cost0.1_kd0.001_init0.02_eprob0.01_resTrue_kc0.25,2.0,2.0,8.0,0.1,0.001,0.02,0.01,0.49427536,0.0015218195,0.9885507,70914.19
l_d8_c2_s2_cost0.1_kd0.001_init0.02_eprob0.05_resTrue_kc0.25,2.0,2.0,8.0,0.1,0.001,0.02,0.05,0.4982211,0.0073592113,0.9964422,67287.95
l_d8_c2_s2_cost0.1_kd0.001_init0.02_eprob0.2_resTrue_kc0.25,2.0,2.0,8.0,0.1,0.001,0.02,0.2,0.0030025851,0.00018510621,0.0060051703,71489.59
l_d8_c2_s32_cost0.1_kd0.001_init0.02_eprob0.001_resTrue_kc0.25,32.0,2.0,8.0,0.1,0.001,0.02,0.001,0.43903315,0.00012013785,0.8780663,71887.33
l_d8_c2_s32_cost0.1_kd0.001_init0.02_eprob0.01_resTrue_kc0.25,32.0,2.0,8.0,0.1,0.001,0.02,0.01,0.4959717,0.0013432741,0.9919434,70886.26
l_d8_c2_s32_cost0.1_kd0.001_init0.02_eprob0.05_resTrue_kc0.25,32.0,2.0,8.0,0.1,0.001,0.02,0.05,0.49894074,0.006392607,0.9978815,67297.71
l_d8_c2_s32_cost0.1_kd0.001_init0.02_eprob0.2_resTrue_kc0.25,32.0,2.0,8.0,0.1,0.001,0.02,0.2,0.0031404109,0.00016999502,0.0062808217,71087.07
l_d8_c2_s4_cost0.1_kd0.001_init0.02_eprob0.001_resTrue_kc0.25,4.0,2.0,8.0,0.1,0.001,0.02,0.001,0.43730476,0.00012499977,0.87460953,71892.62
l_d8_c2_s4_cost0.1_kd0.001_init0.02_eprob0.01_resTrue_kc0.25,4.0,2.0,8.0,0.1,0.001,0.02,0.01,0.49600762,0.001392638,0.99201524,70924.21
l_d8_c2_s4_cost0.1_kd0.001_init0.02_eprob0.05_resTrue_kc0.25,4.0,2.0,8.0,0.1,0.001,0.02,0.05,0.4987878,0.0066077895,0.9975756,67304.23
l_d8_c2_s4_cost0.1_kd0.001_init0.02_eprob0.2_resTrue_kc0.25,4.0,2.0,8.0,0.1,0.001,0.02,0.2,0.0031210848,0.00017425074,0.0062421695,71105.51
l_d8_c2_s8_cost0.1_kd0.001_init0.02_eprob0.001_resTrue_kc0.25,8.0,2.0,8.0,0.1,0.001,0.02,0.001,0.43965465,0.00012048919,0.8793093,71879.6
l_d8_c2_s8_cost0.1_kd0.001_init0.02_eprob0.01_resTrue_kc0.25,8.0,2.0,8.0,0.1,0.001,0.02,0.01,0.4960294,0.0013505066,0.9920588,70904.22
l_d8_c2_s8_cost0.1_kd0.001_init0.02_eprob0.05_resTrue_kc0.25,8.0,2.0,8.0,0.1,0.001,0.02,0.05,0.49890527,0.006441,0.99781054,67255.83
l_d8_c2_s8_cost0.1_kd0.001_init0.02_eprob0.2_resTrue_kc0.25,8.0,2.0,8.0,0.1,0.001,0.02,0.2,0.0030858489,0.00016640685,0.0061716978,71106.0
l_d8_c32_s16_cost0.1_kd0.001_init0.02_eprob0.001_resTrue_kc0.25,16.0,32.0,8.0,0.1,0.001,0.02,0.001,0.12706636,3.0347115e-05,0.25413272,64591.83
l_d8_c32_s16_cost0.1_kd0.001_init0.02_eprob0.01_resTrue_kc0.25,16.0,32.0,8.0,0.1,0.001,0.02,0.01,0.49544257,0.0012141184,0.99088514,64078.57
l_d8_c32_s16_cost0.1_kd0.001_init0.02_eprob0.05_resTrue_kc0.25,16.0,32.0,8.0,0.1,0.001,0.02,0.05,0.49883327,0.005996091,0.99766654,62900.03
l_d8_c32_s16_cost0.1_kd0.001_init0.02_eprob0.2_resTrue_kc0.25,16.0,32.0,8.0,0.1,0.001,0.02,0.2,0.0029915022,0.00014710048,0.0059830043,64425.71
l_d8_c32_s2_cost0.1_kd0.001_init0.02_eprob0.001_resTrue_kc0.25,2.0,32.0,8.0,0.1,0.001,0.02,0.001,0.0957721,2.8118848e-05,0.1915442,64636.82
l_d8_c32_s2_cost0.1_kd0.001_init0.02_eprob0.01_resTrue_kc0.25,2.0,32.0,8.0,0.1,0.001,0.02,0.01,0.49407136,0.0014009858,0.9881427,64072.34
l_d8_c32_s2_cost0.1_kd0.001_init0.02_eprob0.05_resTrue_kc0.25,2.0,32.0,8.0,0.1,0.001,0.02,0.05,0.014671956,0.00021000864,0.029343912,64424.91
l_d8_c32_s2_cost0.1_kd0.001_init0.02_eprob0.2_resTrue_kc0.25,2.0,32.0,8.0,0.1,0.001,0.02,0.2,0.0028710421,0.00016563568,0.0057420842,64510.23
l_d8_c32_s32_cost0.1_kd0.001_init0.02_eprob0.001_resTrue_kc0.25,32.0,32.0,8.0,0.1,0.001,0.02,0.001,0.12928538,3.1064126e-05,0.25857076,64581.75
l_d8_c32_s32_cost0.1_kd0.001_init0.02_eprob0.01_resTrue_kc0.25,32.0,32.0,8.0,0.1,0.001,0.02,0.01,0.49558753,0.0012064677,0.99117506,64078.61
l_d8_c32_s32_cost0.1_kd0.001_init0.02_eprob0.05_resTrue_kc0.25,32.0,32.0,8.0,0.1,0.001,0.02,0.05,0.49885052,0.0059770616,0.99770105,62898.18
l_d8_c32_s32_cost0.1_kd0.001_init0.02_eprob0.2_resTrue_kc0.25,32.0,32.0,8.0,0.1,0.001,0.02,0.2,0.0030679458,0.0001517783,0.0061358917,64412.98
l_d8_c32_s4_cost0.1_kd0.001_init0.02_eprob0.001_resTrue_kc0.25,4.0,32.0,8.0,0.1,0.001,0.02,0.001,0.1423643,3.6311067e-05,0.2847286,64582.43
l_d8_c32_s4_cost0.1_kd0.001_init0.02_eprob0.01_resTrue_kc0.25,4.0,32.0,8.0,0.1,0.001,0.02,0.01,0.4954446,0.0012609228,0.9908892,64073.23
l_d8_c32_s4_cost0.1_kd0.001_init0.02_eprob0.05_resTrue_kc0.25,4.0,32.0,8.0,0.1,0.001,0.02,0.05,0.4986829,0.006242241,0.9973658,62900.38
l_d8_c32_s4_cost0.1_kd0.001_init0.02_eprob0.2_resTrue_kc0.25,4.0,32.0,8.0,0.1,0.001,0.02,0.2,0.0030203077,0.00015446622,0.0060406155,64403.72
l_d8_c32_s8_cost0.1_kd0.001_init0.02_eprob0.001_resTrue_kc0.25,8.0,32.0,8.0,0.1,0.001,0.02,0.001,0.26017648,6.328328e-05,0.52035296,64451.39
l_d8_c32_s8_cost0.1_kd0.001_init0.02_eprob0.01_resTrue_kc0.25,8.0,32.0,8.0,0.1,0.001,0.02,0.01,0.49551606,0.0012292627,0.9910321,64066.5
l_d8_c32_s8_cost0.1_kd0.001_init0.02_eprob0.05_resTrue_kc0.25,8.0,32.0,8.0,0.1,0.001,0.02,0.05,0.4988405,0.0060335803,0.997681,62881.63
l_d8_c32_s8_cost0.1_kd0.001_init0.02_eprob0.2_resTrue_kc0.25,8.0,32.0,8.0,0.1,0.001,0.02,0.2,0.0030672876,0.00015240617,0.0061345752,64406.71
l_d8_c4_s16_cost0.1_kd0.001_init0.02_eprob0.001_resTrue_kc0.25,16.0,4.0,8.0,0.1,0.001,0.02,0.001,0.43038997,0.000109714565,0.86077994,65580.53
l_d8_c4_s16_cost0.1_kd0.001_init0.02_eprob0.01_resTrue_kc0.25,16.0,4.0,8.0,0.1,0.001,0.02,0.01,0.49549925,0.0012310127,0.9909985,65128.37
l_d8_c4_s16_cost0.1_kd0.001_init0.02_eprob0.05_resTrue_kc0.25,16.0,4.0,8.0,0.1,0.001,0.02,0.05,0.49887943,0.0060355915,0.99775887,63389.58
l_d8_c4_s16_cost0.1_kd0.001_init0.02_eprob0.2_resTrue_kc0.25,16.0,4.0,8.0,0.1,0.001,0.02,0.2,0.0029510192,0.00015095709,0.0059020384,65494.11
l_d8_c4_s2_cost0.1_kd0.001_init0.02_eprob0.001_resTrue_kc0.25,2.0,4.0,8.0,0.1,0.001,0.02,0.001,0.10476778,2.9825633e-05,0.20953555,65985.19
l_d8_c4_s2_cost0.1_kd0.001_init0.02_eprob0.01_resTrue_kc0.25,2.0,4.0,8.0,0.1,0.001,0.02,0.01,0.4941423,0.0014265343,0.9882846,65136.42
l_d8_c4_s2_cost0.1_kd0.001_init0.02_eprob0.05_resTrue_kc0.25,2.0,4.0,8.0,0.1,0.001,0.02,0.05,0.49814156,0.0069858795,0.9962831,63425.96
l_d8_c4_s2_cost0.1_kd0.001_init0.02_eprob0.2_resTrue_kc0.25,2.0,4.0,8.0,0.1,0.001,0.02,0.2,0.0030265683,0.00017115985,0.0060531367,65596.06
l_d8_c4_s32_cost0.1_kd0.001_init0.02_eprob0.001_resTrue_kc0.25,32.0,4.0,8.0,0.1,0.001,0.02,0.001,0.42236537,0.00010499181,0.84473073,65590.14
l_d8_c4_s32_cost0.1_kd0.001_init0.02_eprob0.01_resTrue_kc0.25,32.0,4.0,8.0,0.1,0.001,0.02,0.01,0.49554005,0.0012330937,0.9910801,65132.6
l_d8_c4_s32_cost0.1_kd0.001_init0.02_eprob0.05_resTrue_kc0.25,32.0,4.0,8.0,0.1,0.001,0.02,0.05,0.49887165,0.006032093,0.9977433,63406.72
l_d8_c4_s32_cost0.1_kd0.001_init0.02_eprob0.2_resTrue_kc0.25,32.0,4.0,8.0,0.1,0.001,0.02,0.2,0.0029825408,0.00014965783,0.0059650815,65506.43
l_d8_c4_s4_cost0.1_kd0.001_init0.02_eprob0.001_resTrue_kc0.25,4.0,4.0,8.0,0.1,0.001,0.02,0.001,0.42371505,0.00010970595,0.8474301,65604.54
l_d8_c4_s4_cost0.1_kd0.001_init0.02_eprob0.01_resTrue_kc0.25,4.0,4.0,8.0,0.1,0.001,0.02,0.01,0.49545425,0.0012717078,0.9909085,65150.06
l_d8_c4_s4_cost0.1_kd0.001_init0.02_eprob0.05_resTrue_kc0.25,4.0,4.0,8.0,0.1,0.001,0.02,0.05,0.49871933,0.0062720557,0.99743867,63410.15
l_d8_c4_s4_cost0.1_kd0.001_init0.02_eprob0.2_resTrue_kc0.25,4.0,4.0,8.0,0.1,0.001,0.02,0.2,0.003037719,0.00015679383,0.006075438,65452.7
l_d8_c4_s8_cost0.1_kd0.001_init0.02_eprob0.001_resTrue_kc0.25,8.0,4.0,8.0,0.1,0.001,0.02,0.001,0.42122883,0.00010579835,0.84245765,65577.2
l_d8_c4_s8_cost0.1_kd0.001_init0.02_eprob0.01_resTrue_kc0.25,8.0,4.0,8.0,0.1,0.001,0.02,0.01,0.49548772,0.0012444805,0.99097544,65131.22
l_d8_c4_s8_cost0.1_kd0.001_init0.02_eprob0.05_resTrue_kc0.25,8.0,4.0,8.0,0.1,0.001,0.02,0.05,0.49885696,0.0060838987,0.9977139,63439.98
l_d8_c4_s8_cost0.1_kd0.001_init0.02_eprob0.2_resTrue_kc0.25,8.0,4.0,8.0,0.1,0.001,0.02,0.2,0.0029888263,0.00015025615,0.0059776525,65488.66
l_d8_c8_s16_cost0.1_kd0.001_init0.02_eprob0.001_resTrue_kc0.25,16.0,8.0,8.0,0.1,0.001,0.02,0.001,0.16042368,3.9156876e-05,0.32084736,64728.62
l_d8_c8_s16_cost0.1_kd0.001_init0.02_eprob0.01_resTrue_kc0.25,16.0,8.0,8.0,0.1,0.001,0.02,0.01,0.49545115,0.0012101305,0.9909023,64221.68
l_d8_c8_s16_cost0.1_kd0.001_init0.02_eprob0.05_resTrue_kc0.25,16.0,8.0,8.0,0.1,0.001,0.02,0.05,0.49885568,0.006006849,0.99771136,62993.2
l_d8_c8_s16_cost0.1_kd0.001_init0.02_eprob0.2_resTrue_kc0.25,16.0,8.0,8.0,0.1,0.001,0.02,0.2,0.0030083638,0.00014833309,0.0060167275,64566.57
l_d8_c8_s2_cost0.1_kd0.001_init0.02_eprob0.001_resTrue_kc0.25,2.0,8.0,8.0,0.1,0.001,0.02,0.001,0.10508112,3.0127094e-05,0.21016224,64790.03
l_d8_c8_s2_cost0.1_kd0.001_init0.02_eprob0.01_resTrue_kc0.25,2.0,8.0,8.0,0.1,0.001,0.02,0.01,0.49402246,0.001400898,0.9880449,64214.72
l_d8_c8_s2_cost0.1_kd0.001_init0.02_eprob0.05_resTrue_kc0.25,2.0,8.0,8.0,0.1,0.001,0.02,0.05,0.014413434,0.00020885636,0.028826868,64518.02
l_d8_c8_s2_cost0.1_kd0.001_init0.02_eprob0.2_resTrue_kc0.25,2.0,8.0,8.0,0.1,0.001,0.02,0.2,0.0029968824,0.00017027426,0.005993765,64596.61
l_d8_c8_s32_cost0.1_kd0.001_init0.02_eprob0.001_resTrue_kc0.25,32.0,8.0,8.0,0.1,0.001,0.02,0.001,0.13585633,3.3022858e-05,0.27171266,64751.71
l_d8_c8_s32_cost0.1_kd0.001_init0.02_eprob0.01_resTrue_kc0.25,32.0,8.0,8.0,0.1,0.001,0.02,0.01,0.4955444,0.0012156512,0.9910888,64199.83
l_d8_c8_s32_cost0.1_kd0.001_init0.02_eprob0.05_resTrue_kc0.25,32.0,8.0,8.0,0.1,0.001,0.02,0.05,0.49886265,0.005996397,0.9977253,63031.8
l_d8_c8_s32_cost0.1_kd0.001_init0.02_eprob0.2_resTrue_kc0.25,32.0,8.0,8.0,0.1,0.001,0.02,0.2,0.0030434667,0.00014961636,0.0060869334,64581.01
l_d8_c8_s4_cost0.1_kd0.001_init0.02_eprob0.001_resTrue_kc0.25,4.0,8.0,8.0,0.1,0.001,0.02,0.001,0.42166397,0.00010685212,0.84332794,64494.57
l_d8_c8_s4_cost0.1_kd0.001_init0.02_eprob0.01_resTrue_kc0.25,4.0,8.0,8.0,0.1,0.001,0.02,0.01,0.49543914,0.001250962,0.9908783,64226.18
l_d8_c8_s4_cost0.1_kd0.001_init0.02_eprob0.05_resTrue_kc0.25,4.0,8.0,8.0,0.1,0.001,0.02,0.05,0.4987041,0.00622592,0.9974082,63021.3
l_d8_c8_s4_cost0.1_kd0.001_init0.02_eprob0.2_resTrue_kc0.25,4.0,8.0,8.0,0.1,0.001,0.02,0.2,0.003113597,0.00015823264,0.006227194,64501.36
l_d8_c8_s8_cost0.1_kd0.001_init0.02_eprob0.001_resTrue_kc0.25,8.0,8.0,8.0,0.1,0.001,0.02,0.001,0.4268247,0.00010367752,0.8536494,64483.0
l_d8_c8_s8_cost0.1_kd0.001_init0.02_eprob0.01_resTrue_kc0.25,8.0,8.0,8.0,0.1,0.001,0.02,0.01,0.49539402,0.001223817,0.99078804,64226.64
l_d8_c8_s8_cost0.1_kd0.001_init0.02_eprob0.05_resTrue_kc0.25,8.0,8.0,8.0,0.1,0.001,0.02,0.05,0.49887276,0.0060348157,0.9977455,63039.08
l_d8_c8_s8_cost0.1_kd0.001_init0.02_eprob0.2_resTrue_kc0.25,8.0,8.0,8.0,0.1,0.001,0.02,0.2,0.003085245,0.0001488169,0.00617049,64515.87
l_di_c16_s16_cost0.1_kd0.001_init0.02_eprob0.001_resTrue_kc0.25,16.0,16.0,i,0.1,0.001,0.02,0.001,0.12199714,3.0616327e-05,0.24399428,64571.34
l_di_c16_s16_cost0.1_kd0.001_init0.02_eprob0.01_resTrue_kc0.25,16.0,16.0,i,0.1,0.001,0.02,0.01,0.49532154,0.0012114908,0.9906431,64054.84
l_di_c16_s16_cost0.1_kd0.001_init0.02_eprob0.05_resTrue_kc0.25,16.0,16.0,i,0.1,0.001,0.02,0.05,0.49885258,0.0060027684,0.99770516,62890.51
l_di_c16_s16_cost0.1_kd0.001_init0.02_eprob0.2_resTrue_kc0.25,16.0,16.0,i,0.1,0.001,0.02,0.2,0.0030713398,0.00015140323,0.0061426796,64400.03
l_di_c16_s2_cost0.1_kd0.001_init0.02_eprob0.001_resTrue_kc0.25,2.0,16.0,i,0.1,0.001,0.02,0.001,0.091418944,2.6984615e-05,0.18283789,64625.21
l_di_c16_s2_cost0.1_kd0.001_init0.02_eprob0.01_resTrue_kc0.25,2.0,16.0,i,0.1,0.001,0.02,0.01,0.4939016,0.001408635,0.9878032,64056.02
l_di_c16_s2_cost0.1_kd0.001_init0.02_eprob0.05_resTrue_kc0.25,2.0,16.0,i,0.1,0.001,0.02,0.05,0.013819146,0.00019708164,0.027638292,64418.76
l_di_c16_s2_cost0.1_kd0.001_init0.02_eprob0.2_resTrue_kc0.25,2.0,16.0,i,0.1,0.001,0.02,0.2,0.0028681615,0.00016183298,0.005736323,64492.05
l_di_c16_s32_cost0.1_kd0.001_init0.02_eprob0.001_resTrue_kc0.25,32.0,16.0,i,0.1,0.001,0.02,0.001,0.1315346,3.1998577e-05,0.2630692,64550.4
l_di_c16_s32_cost0.1_kd0.001_init0.02_eprob0.01_resTrue_kc0.25,32.0,16.0,i,0.1,0.001,0.02,0.01,0.4953147,0.0012157196,0.9906294,64050.74
l_di_c16_s32_cost0.1_kd0.001_init0.02_eprob0.05_resTrue_kc0.25,32.0,16.0,i,0.1,0.001,0.02,0.05,0.49885863,0.0059791654,0.99771726,62891.4
l_di_c16_s32_cost0.1_kd0.001_init0.02_eprob0.2_resTrue_kc0.25,32.0,16.0,i,0.1,0.001,0.02,0.2,0.0029535634,0.00014522868,0.0059071267,64402.03
l_di_c16_s4_cost0.1_kd0.001_init0.02_eprob0.001_resTrue_kc0.25,4.0,16.0,i,0.1,0.001,0.02,0.001,0.14306769,3.668083e-05,0.28613538,64544.98
l_di_c16_s4_cost0.1_kd0.001_init0.02_eprob0.01_resTrue_kc0.25,4.0,16.0,i,0.1,0.001,0.02,0.01,0.49531192,0.0012564159,0.99062383,64037.18
l_di_c16_s4_cost0.1_kd0.001_init0.02_eprob0.05_resTrue_kc0.25,4.0,16.0,i,0.1,0.001,0.02,0.05,0.49871624,0.0062356675,0.9974325,62902.98
l_di_c16_s4_cost0.1_kd0.001_init0.02_eprob0.2_resTrue_kc0.25,4.0,16.0,i,0.1,0.001,0.02,0.2,0.003038619,0.000153992,0.006077238,64421.16
l_di_c16_s8_cost0.1_kd0.001_init0.02_eprob0.001_resTrue_kc0.25,8.0,16.0,i,0.1,0.001,0.02,0.001,0.1256758,3.037099e-05,0.2513516,64577.19
l_di_c16_s8_cost0.1_kd0.001_init0.02_eprob0.01_resTrue_kc0.25,8.0,16.0,i,0.1,0.001,0.02,0.01,0.49523446,0.0012186945,0.9904689,64059.63
l_di_c16_s8_cost0.1_kd0.001_init0.02_eprob0.05_resTrue_kc0.25,8.0,16.0,i,0.1,0.001,0.02,0.05,0.498824,0.006044333,0.997648,62875.17
l_di_c16_s8_cost0.1_kd0.001_init0.02_eprob0.2_resTrue_kc0.25,8.0,16.0,i,0.1,0.001,0.02,0.2,0.0029534972,0.0001452428,0.0059069945,64444.91
l_di_c2_s16_cost0.1_kd0.001_init0.02_eprob0.001_resTrue_kc0.25,16.0,2.0,i,0.1,0.001,0.02,0.001,0.4387434,0.000120898,0.8774868,71925.99
l_di_c2_s16_cost0.1_kd0.001_init0.02_eprob0.01_resTrue_kc0.25,16.0,2.0,i,0.1,0.001,0.02,0.01,0.49592328,0.0013427181,0.99184656,70950.73
l_di_c2_s16_cost0.1_kd0.001_init0.02_eprob0.05_resTrue_kc0.25,16.0,2.0,i,0.1,0.001,0.02,0.05,0.4989226,0.0064075594,0.9978452,67291.07
l_di_c2_s16_cost0.1_kd0.001_init0.02_eprob0.2_resTrue_kc0.25,16.0,2.0,i,0.1,0.001,0.02,0.2,0.0030452195,0.00016722191,0.006090439,71156.6
l_di_c2_s2_cost0.1_kd0.001_init0.02_eprob0.001_resTrue_kc0.25,2.0,2.0,i,0.1,0.001,0.02,0.001,0.109954596,3.5057463e-05,0.21990919,72559.96
l_di_c2_s2_cost0.1_kd0.001_init0.02_eprob0.01_resTrue_kc0.25,2.0,2.0,i,0.1,0.001,0.02,0.01,0.49442554,0.001544583,0.9888511,70950.43
l_di_c2_s2_cost0.1_kd0.001_init0.02_eprob0.05_resTrue_kc0.25,2.0,2.0,i,0.1,0.001,0.02,0.05,0.015333655,0.000235824,0.03066731,71180.07
l_di_c2_s2_cost0.1_kd0.001_init0.02_eprob0.2_resTrue_kc0.25,2.0,2.0,i,0.1,0.001,0.02,0.2,0.0029898267,0.00018240137,0.0059796534,71517.04
l_di_c2_s32_cost0.1_kd0.001_init0.02_eprob0.001_resTrue_kc0.25,32.0,2.0,i,0.1,0.001,0.02,0.001,0.43507403,0.00011864161,0.87014806,71966.51
l_di_c2_s32_cost0.1_kd0.001_init0.02_eprob0.01_resTrue_kc0.25,32.0,2.0,i,0.1,0.001,0.02,0.01,0.4959546,0.0013461919,0.9919092,70959.98
l_di_c2_s32_cost0.1_kd0.001_init0.02_eprob0.05_resTrue_kc0.25,32.0,2.0,i,0.1,0.001,0.02,0.05,0.49893448,0.0064095575,0.99786896,67254.85
l_di_c2_s32_cost0.1_kd0.001_init0.02_eprob0.2_resTrue_kc0.25,32.0,2.0,i,0.1,0.001,0.02,0.2,0.0031259786,0.00016826708,0.0062519573,71156.74
l_di_c2_s4_cost0.1_kd0.001_init0.02_eprob0.001_resTrue_kc0.25,4.0,2.0,i,0.1,0.001,0.02,0.001,0.43269378,0.00012406922,0.86538756,71992.33
l_di_c2_s4_cost0.1_kd0.001_init0.02_eprob0.01_resTrue_kc0.25,4.0,2.0,i,0.1,0.001,0.02,0.01,0.49591118,0.0013975144,0.99182236,70996.25
l_di_c2_s4_cost0.1_kd0.001_init0.02_eprob0.05_resTrue_kc0.25,4.0,2.0,i,0.1,0.001,0.02,0.05,0.49877003,0.006647366,0.99754006,67236.32
l_di_c2_s4_cost0.1_kd0.001_init0.02_eprob0.2_resTrue_kc0.25,4.0,2.0,i,0.1,0.001,0.02,0.2,0.00304219,0.00017236976,0.00608438,71171.12
l_di_c2_s8_cost0.1_kd0.001_init0.02_eprob0.001_resTrue_kc0.25,8.0,2.0,i,0.1,0.001,0.02,0.001,0.43975458,0.00012199735,0.87950915,71966.86
l_di_c2_s8_cost0.1_kd0.001_init0.02_eprob0.01_resTrue_kc0.25,8.0,2.0,i,0.1,0.001,0.02,0.01,0.49594373,0.001348719,0.99188745,70965.74
l_di_c2_s8_cost0.1_kd0.001_init0.02_eprob0.05_resTrue_kc0.25,8.0,2.0,i,0.1,0.001,0.02,0.05,0.49892035,0.0064571304,0.9978407,67249.87
l_di_c2_s8_cost0.1_kd0.001_init0.02_eprob0.2_resTrue_kc0.25,8.0,2.0,i,0.1,0.001,0.02,0.2,0.0030700373,0.00016883074,0.0061400747,71175.46
l_di_c32_s16_cost0.1_kd0.001_init0.02_eprob0.001_resTrue_kc0.25,16.0,32.0,i,0.1,0.001,0.02,0.001,0.1378481,3.5059256e-05,0.2756962,64572.51
l_di_c32_s16_cost0.1_kd0.001_init0.02_eprob0.01_resTrue_kc0.25,16.0,32.0,i,0.1,0.001,0.02,0.01,0.4953747,0.0012150179,0.9907494,64058.19
l_di_c32_s16_cost0.1_kd0.001_init0.02_eprob0.05_resTrue_kc0.25,16.0,32.0,i,0.1,0.001,0.02,0.05,0.49886295,0.0060187317,0.9977259,62870.43
l_di_c32_s16_cost0.1_kd0.001_init0.02_eprob0.2_resTrue_kc0.25,16.0,32.0,i,0.1,0.001,0.02,0.2,0.0030885208,0.00015173573,0.0061770417,64390.8
l_di_c32_s2_cost0.1_kd0.001_init0.02_eprob0.001_resTrue_kc0.25,2.0,32.0,i,0.1,0.001,0.02,0.001,0.09826354,2.685191e-05,0.19652708,64612.34
l_di_c32_s2_cost0.1_kd0.001_init0.02_eprob0.01_resTrue_kc0.25,2.0,32.0,i,0.1,0.001,0.02,0.01,0.49396968,0.0014023777,0.98793936,64070.35
l_di_c32_s2_cost0.1_kd0.001_init0.02_eprob0.05_resTrue_kc0.25,2.0,32.0,i,0.1,0.001,0.02,0.05,0.0138462,0.00020091573,0.0276924,64411.34
l_di_c32_s2_cost0.1_kd0.001_init0.02_eprob0.2_resTrue_kc0.25,2.0,32.0,i,0.1,0.001,0.02,0.2,0.0029122636,0.00016527728,0.0058245272,64490.42
l_di_c32_s32_cost0.1_kd0.001_init0.02_eprob0.001_resTrue_kc0.25,32.0,32.0,i,0.1,0.001,0.02,0.001,0.12780048,3.3068834e-05,0.25560096,64564.84
l_di_c32_s32_cost0.1_kd0.001_init0.02_eprob0.01_resTrue_kc0.25,32.0,32.0,i,0.1,0.001,0.02,0.01,0.49548653,0.0012233563,0.99097306,64066.4
l_di_c32_s32_cost0.1_kd0.001_init0.02_eprob0.05_resTrue_kc0.25,32.0,32.0,i,0.1,0.001,0.02,0.05,0.49884537,0.005990186,0.99769074,62872.71
l_di_c32_s32_cost0.1_kd0.001_init0.02_eprob0.2_resTrue_kc0.25,32.0,32.0,i,0.1,0.001,0.02,0.2,0.0031220608,0.00015182659,0.0062441216,64410.31
l_di_c32_s4_cost0.1_kd0.001_init0.02_eprob0.001_resTrue_kc0.25,4.0,32.0,i,0.1,0.001,0.02,0.001,0.14799878,3.702301e-05,0.29599756,64564.58
l_di_c32_s4_cost0.1_kd0.001_init0.02_eprob0.01_resTrue_kc0.25,4.0,32.0,i,0.1,0.001,0.02,0.01,0.4954034,0.001258565,0.9908068,64055.79
l_di_c32_s4_cost0.1_kd0.001_init0.02_eprob0.05_resTrue_kc0.25,4.0,32.0,i,0.1,0.001,0.02,0.05,0.49873158,0.006209677,0.99746317,62883.5
l_di_c32_s4_cost0.1_kd0.001_init0.02_eprob0.2_resTrue_kc0.25,4.0,32.0,i,0.1,0.001,0.02,0.2,0.0029142422,0.0001487307,0.0058284844,64423.08
l_di_c32_s8_cost0.1_kd0.001_init0.02_eprob0.001_resTrue_kc0.25,8.0,32.0,i,0.1,0.001,0.02,0.001,0.16305931,4.094269e-05,0.32611862,64528.39
l_di_c32_s8_cost0.1_kd0.001_init0.02_eprob0.01_resTrue_kc0.25,8.0,32.0,i,0.1,0.001,0.02,0.01,0.49563217,0.0012257448,0.99126434,64055.35
l_di_c32_s8_cost0.1_kd0.001_init0.02_eprob0.05_resTrue_kc0.25,8.0,32.0,i,0.1,0.001,0.02,0.05,0.49883592,0.0060428125,0.99767184,62877.56
l_di_c32_s8_cost0.1_kd0.001_init0.02_eprob0.2_resTrue_kc0.25,8.0,32.0,i,0.1,0.001,0.02,0.2,0.0029786485,0.00014578484,0.005957297,64436.92
l_di_c4_s16_cost0.1_kd0.001_init0.02_eprob0.001_resTrue_kc0.25,16.0,4.0,i,0.1,0.001,0.02,0.001,0.13884737,3.4760742e-05,0.27769473,65948.83
l_di_c4_s16_cost0.1_kd0.001_init0.02_eprob0.01_resTrue_kc0.25,16.0,4.0,i,0.1,0.001,0.02,0.01,0.49554694,0.0012343564,0.9910939,65159.94
l_di_c4_s16_cost0.1_kd0.001_init0.02_eprob0.05_resTrue_kc0.25,16.0,4.0,i,0.1,0.001,0.02,0.05,0.49888757,0.0060431496,0.99777514,63303.83
l_di_c4_s16_cost0.1_kd0.001_init0.02_eprob0.2_resTrue_kc0.25,16.0,4.0,i,0.1,0.001,0.02,0.2,0.0029919925,0.00015015987,0.005983985,65491.59
l_di_c4_s2_cost0.1_kd0.001_init0.02_eprob0.001_resTrue_kc0.25,2.0,4.0,i,0.1,0.001,0.02,0.001,0.09946118,2.7291553e-05,0.19892237,66068.23
l_di_c4_s2_cost0.1_kd0.001_init0.02_eprob0.01_resTrue_kc0.25,2.0,4.0,i,0.1,0.001,0.02,0.01,0.4939859,0.0014245622,0.9879718,65164.34
l_di_c4_s2_cost0.1_kd0.001_init0.02_eprob0.05_resTrue_kc0.25,2.0,4.0,i,0.1,0.001,0.02,0.05,0.014043909,0.0002008577,0.028087817,65544.93
l_di_c4_s2_cost0.1_kd0.001_init0.02_eprob0.2_resTrue_kc0.25,2.0,4.0,i,0.1,0.001,0.02,0.2,0.0028228816,0.00016345995,0.005645763,65664.86
l_di_c4_s32_cost0.1_kd0.001_init0.02_eprob0.001_resTrue_kc0.25,32.0,4.0,i,0.1,0.001,0.02,0.001,0.13846622,3.5848232e-05,0.27693245,65945.19
l_di_c4_s32_cost0.1_kd0.001_init0.02_eprob0.01_resTrue_kc0.25,32.0,4.0,i,0.1,0.001,0.02,0.01,0.49562237,0.0012429169,0.99124473,65189.62
l_di_c4_s32_cost0.1_kd0.001_init0.02_eprob0.05_resTrue_kc0.25,32.0,4.0,i,0.1,0.001,0.02,0.05,0.49884018,0.0060288315,0.99768037,63333.22
l_di_c4_s32_cost0.1_kd0.001_init0.02_eprob0.2_resTrue_kc0.25,32.0,4.0,i,0.1,0.001,0.02,0.2,0.003065106,0.00015472712,0.006130212,65480.24
l_di_c4_s4_cost0.1_kd0.001_init0.02_eprob0.001_resTrue_kc0.25,4.0,4.0,i,0.1,0.001,0.02,0.001,0.42178205,0.00010931555,0.8435641,65658.71
l_di_c4_s4_cost0.1_kd0.001_init0.02_eprob0.01_resTrue_kc0.25,4.0,4.0,i,0.1,0.001,0.02,0.01,0.4954647,0.0012814081,0.9909294,65187.54
l_di_c4_s4_cost0.1_kd0.001_init0.02_eprob0.05_resTrue_kc0.25,4.0,4.0,i,0.1,0.001,0.02,0.05,0.4987229,0.0062727625,0.9974458,63307.57
l_di_c4_s4_cost0.1_kd0.001_init0.02_eprob0.2_resTrue_kc0.25,4.0,4.0,i,0.1,0.001,0.02,0.2,0.0030089042,0.00015646325,0.0060178083,65484.78
l_di_c4_s8_cost0.1_kd0.001_init0.02_eprob0.001_resTrue_kc0.25,8.0,4.0,i,0.1,0.001,0.02,0.001,0.15225333,3.7996306e-05,0.30450666,65937.56
l_di_c4_s8_cost0.1_kd0.001_init0.02_eprob0.01_resTrue_kc0.25,8.0,4.0,i,0.1,0.001,0.02,0.01,0.49565315,0.0012478593,0.9913063,65185.43
l_di_c4_s8_cost0.1_kd0.001_init0.02_eprob0.05_resTrue_kc0.25,8.0,4.0,i,0.1,0.001,0.02,0.05,0.49884745,0.0060707396,0.9976949,63336.83
l_di_c4_s8_cost0.1_kd0.001_init0.02_eprob0.2_resTrue_kc0.25,8.0,4.0,i,0.1,0.001,0.02,0.2,0.003007752,0.00015323152,0.006015504,65495.46
l_di_c8_s16_cost0.1_kd0.001_init0.02_eprob0.001_resTrue_kc0.25,16.0,8.0,i,0.1,0.001,0.02,0.001,0.13274238,3.2693308e-05,0.26548475,64666.35
l_di_c8_s16_cost0.1_kd0.001_init0.02_eprob0.01_resTrue_kc0.25,16.0,8.0,i,0.1,0.001,0.02,0.01,0.49552834,0.001218913,0.9910567,64090.68
l_di_c8_s16_cost0.1_kd0.001_init0.02_eprob0.05_resTrue_kc0.25,16.0,8.0,i,0.1,0.001,0.02,0.05,0.49885455,0.005986959,0.9977091,62908.35
l_di_c8_s16_cost0.1_kd0.001_init0.02_eprob0.2_resTrue_kc0.25,16.0,8.0,i,0.1,0.001,0.02,0.2,0.003113903,0.00015527033,0.006227806,64465.08
l_di_c8_s2_cost0.1_kd0.001_init0.02_eprob0.001_resTrue_kc0.25,2.0,8.0,i,0.1,0.001,0.02,0.001,0.09427658,2.6749363e-05,0.18855315,64726.5
l_di_c8_s2_cost0.1_kd0.001_init0.02_eprob0.01_resTrue_kc0.25,2.0,8.0,i,0.1,0.001,0.02,0.01,0.49400917,0.0014016493,0.98801833,64083.62
l_di_c8_s2_cost0.1_kd0.001_init0.02_eprob0.05_resTrue_kc0.25,2.0,8.0,i,0.1,0.001,0.02,0.05,0.014057883,0.00019824429,0.028115766,64469.34
l_di_c8_s2_cost0.1_kd0.001_init0.02_eprob0.2_resTrue_kc0.25,2.0,8.0,i,0.1,0.001,0.02,0.2,0.0028444622,0.00016368325,0.0056889243,64556.84
l_di_c8_s32_cost0.1_kd0.001_init0.02_eprob0.001_resTrue_kc0.25,32.0,8.0,i,0.1,0.001,0.02,0.001,0.11994485,2.8568234e-05,0.2398897,64677.46
l_di_c8_s32_cost0.1_kd0.001_init0.02_eprob0.01_resTrue_kc0.25,32.0,8.0,i,0.1,0.001,0.02,0.01,0.4955,0.0012108064,0.991,64101.44
l_di_c8_s32_cost0.1_kd0.001_init0.02_eprob0.05_resTrue_kc0.25,32.0,8.0,i,0.1,0.001,0.02,0.05,0.49888244,0.005968122,0.9977649,62896.35
l_di_c8_s32_cost0.1_kd0.001_init0.02_eprob0.2_resTrue_kc0.25,32.0,8.0,i,0.1,0.001,0.02,0.2,0.0030950934,0.00015051136,0.006190187,64458.74
l_di_c8_s4_cost0.1_kd0.001_init0.02_eprob0.001_resTrue_kc0.25,4.0,8.0,i,0.1,0.001,0.02,0.001,0.12560059,3.160061e-05,0.25120118,64673.28
l_di_c8_s4_cost0.1_kd0.001_init0.02_eprob0.01_resTrue_kc0.25,4.0,8.0,i,0.1,0.001,0.02,0.01,0.49538815,0.0012663061,0.9907763,64099.15
l_di_c8_s4_cost0.1_kd0.001_init0.02_eprob0.05_resTrue_kc0.25,4.0,8.0,i,0.1,0.001,0.02,0.05,0.49870712,0.006216413,0.99741423,62877.33
l_di_c8_s4_cost0.1_kd0.001_init0.02_eprob0.2_resTrue_kc0.25,4.0,8.0,i,0.1,0.001,0.02,0.2,0.0030403277,0.00015466874,0.0060806554,64461.89
l_di_c8_s8_cost0.1_kd0.001_init0.02_eprob0.001_resTrue_kc0.25,8.0,8.0,i,0.1,0.001,0.02,0.001,0.1835078,4.7078094e-05,0.3670156,64583.12
l_di_c8_s8_cost0.1_kd0.001_init0.02_eprob0.01_resTrue_kc0.25,8.0,8.0,i,0.1,0.001,0.02,0.01,0.49555612,0.0012305024,0.99111223,64109.33
l_di_c8_s8_cost0.1_kd0.001_init0.02_eprob0.05_resTrue_kc0.25,8.0,8.0,i,0.1,0.001,0.02,0.05,0.49887073,0.0060279435,0.99774146,62896.49
l_di_c8_s8_cost0.1_kd0.001_init0.02_eprob0.2_resTrue_kc0.25,8.0,8.0,i,0.1,0.001,0.02,0.2,0.0029493726,0.00014927602,0.0058987453,64455.18
